wall_ms,x,y,theta,sx,sy,stheta,gps_fixes,gt_x,gt_y,gt_theta,err_xy,err_theta
1790880684174,1.23889,-10.5126,-0.005867,0.0500156,0.05,0.005,1,1.25,-10.5,3.26236e-06,0.016792,-0.00587026
1790880685193,1.23996,-10.5195,0.00291017,0.0160494,0.0167044,0.00190568,10,1.25,-10.5,4.33525e-06,0.020987,0.00157869
1790880686213,1.24071,-10.5208,0.000997739,0.0121185,0.0137154,0.00179384,19,1.25,-10.5,5.40813e-06,0.0228431,0.000503439
1790880687213,1.24035,-10.5238,0.000400454,0.0105533,0.0128945,0.00177257,28,1.25,-10.5,6.48101e-06,0.0256643,0.000587593
1790880688213,1.23972,-10.5229,-0.00313146,0.00978449,0.012608,0.00176248,37,1.25,-10.5,7.5539e-06,0.0253281,-0.00341253
1790880689213,1.24074,-10.5165,0.00131018,0.00940146,0.012574,0.00177129,46,1.25,-10.5,8.62678e-06,0.019442,0.00109472
1790880690233,1.23807,-10.5088,0.00107624,0.00921821,0.0126379,0.00179881,55,1.25,-10.5,9.69966e-06,0.0148558,0.00234248
1790880691233,1.23868,-10.5001,-0.00117609,0.00910083,0.0126287,0.00179906,64,1.25,-10.5,1.08918e-05,0.0113515,-0.00222069
1790880692233,1.24126,-10.4937,0.000783258,0.00901282,0.0125615,0.0017789,73,1.25,-10.5,1.19646e-05,0.0110271,0.000184986
1790880693233,1.24558,-10.4898,-0.00228194,0.008974,0.0125486,0.00178175,82,1.25001,-10.5,1.30375e-05,0.010814,-0.00133466
1790880694233,1.25162,-10.4869,-0.00137421,0.00909043,0.0129359,0.00177103,90,1.25001,-10.5,1.41104e-05,0.013181,-0.00244638
1790880695253,1.25728,-10.481,-0.00106049,0.00896887,0.0126333,0.00179837,100,1.25001,-10.5,1.51833e-05,0.0194876,-0.00165532
1790880696253,1.25785,-10.4787,0.00117244,0.00893993,0.0125659,0.00177911,109,1.25001,-10.5,1.62562e-05,0.0228253,0.00142613
1790880697253,1.25916,-10.4775,-0.00108612,0.00892432,0.012528,0.00177229,118,1.25001,-10.5,1.73291e-05,0.0241664,-0.0011476
1790880698253,1.25996,-10.4764,0.00231596,0.00892142,0.0125232,0.00177058,127,1.25001,-10.5,1.84019e-05,0.0255216,0.000962811
1790880699253,1.26171,-10.4793,-0.000317179,0.00900099,0.0127578,0.00183483,135,1.25001,-10.5,1.93556e-05,0.0237759,0.000574091
1790880700253,1.2645,-10.4877,-7.89083e-05,0.0088964,0.0124516,0.0017537,145,1.25001,-10.5,2.05477e-05,0.0194596,0.000423857
1790880701253,1.26526,-10.4916,-0.000480245,0.00903367,0.0128548,0.00174415,153,1.25001,-10.5,2.16206e-05,0.0173876,-0.000449059
1790880702253,1.26499,-10.4915,-0.00134583,0.00904097,0.012864,0.00175283,162,1.25001,-10.5,2.26935e-05,0.017183,-0.000651866
1790880703253,1.26374,-10.4912,-0.00149813,0.00889884,0.0124736,0.0017517,172,1.25001,-10.5,2.38856e-05,0.0168148,-0.000675004
1790880704253,1.26065,-10.4979,-0.000118752,0.00903238,0.0128505,0.00174369,180,1.25001,-10.5,2.49585e-05,0.0108687,-0.000680296
1790880705253,1.25715,-10.5054,0.00419056,0.00890065,0.012478,0.00175235,190,1.25001,-10.5,2.60313e-05,0.0090051,0.00203458
1790880706253,1.2557,-10.5073,0.000570468,0.00890082,0.0124767,0.00175204,199,1.25001,-10.5,2.71042e-05,0.00893061,0.000772975
1790880707253,1.25469,-10.511,6.00672e-05,0.00904257,0.0128716,0.00175301,207,1.25001,-10.5,2.81771e-05,0.0119572,-0.00166779
1790880708253,1.25653,-10.5139,0.000164895,0.00889684,0.012467,0.00175298,217,1.25001,-10.5,2.925e-05,0.0154288,0.00151248
1790880709253,1.2597,-10.5153,-0.0018836,0.00889353,0.0124495,0.00175281,226,1.25001,-10.5,3.03229e-05,0.0179301,-0.00211581
1790880710253,1.25983,-10.5182,-0.0031706,0.00904156,0.0128789,0.00175309,234,1.25001,-10.5,3.13958e-05,0.0207089,-0.00313622
1790880711272,1.2585,-10.5111,-0.00241187,0.0090509,0.0128986,0.00176214,243,1.25001,-10.5,3.24686e-05,0.013958,-0.00272641
1790880712273,1.25572,-10.5035,-0.00190093,0.00889636,0.0124654,0.00175344,253,1.25001,-10.5,3.35415e-05,0.00674686,-0.00208024
1790880713273,1.25293,-10.4973,0.00208124,0.00891041,0.0125086,0.00176249,262,1.25001,-10.5,3.46144e-05,0.00383089,0.00254984
1790880714273,1.25004,-10.4982,-0.00209062,0.00904507,0.0128874,0.00175378,270,1.25001,-10.5,3.58065e-05,0.0016814,-0.00248678
1790880715273,1.2486,-10.5034,0.000696187,0.00904364,0.0128779,0.00175151,279,1.25001,-10.5,3.68794e-05,0.00367968,-8.37455e-05
1790880716273,1.24763,-10.5049,0.00251723,0.0088991,0.0124671,0.0017536,289,1.25001,-10.5,3.79523e-05,0.00556473,0.00270153
1790880717293,1.24959,-10.5069,0.00214692,0.00892243,0.0125366,0.00177212,298,1.25001,-10.5,3.90251e-05,0.00676862,0.00262805
1790880718293,1.24904,-10.5084,-0.00408828,0.00905404,0.0129041,0.00176195,306,1.25001,-10.5,4.0098e-05,0.00846757,-0.0034692
1790880719293,1.24966,-10.5125,-0.00179396,0.0089221,0.0125377,0.00177047,316,1.25001,-10.5,4.11709e-05,0.0120109,-0.0015756
1790880720293,1.25279,-10.5224,0.000585108,0.00892141,0.0125344,0.00177072,325,1.25001,-10.5,4.2363e-05,0.0211884,0.00046145
1790880721312,1.2555,-10.5291,-0.000570169,0.00892056,0.0125292,0.00177045,334,1.25001,-10.5,4.33167e-05,0.0291286,-0.000342153
1790880722312,1.25713,-10.5317,-0.00172843,0.00906302,0.0129286,0.0017711,342,1.25001,-10.5,4.43896e-05,0.0325954,-0.00182057
1790880723313,1.25674,-10.5282,-0.000208203,0.0089113,0.01251,0.00176206,352,1.25001,-10.5,4.54625e-05,0.0289955,-0.000589882
1790880724313,1.25018,-10.5265,0.00263581,0.00892109,0.0125332,0.001771,361,1.25001,-10.5,4.65353e-05,0.0268192,0.00242286
1790880725313,1.24388,-10.5252,-2.94431e-05,0.00905328,0.012903,0.00176225,369,1.25001,-10.5,4.76082e-05,0.0260318,-0.000531694
1790880726313,1.24049,-10.5192,-0.00107605,0.0089117,0.0125118,0.00176203,379,1.25001,-10.5,4.88003e-05,0.0214166,-0.00278693
1790880727313,1.24275,-10.5113,-0.00210763,0.00889485,0.0124496,0.00175321,388,1.25001,-10.5,4.98732e-05,0.0138372,-0.00241509
1790880728313,1.24424,-10.5047,-0.00298221,0.00904244,0.0128799,0.00175259,396,1.25001,-10.5,5.09461e-05,0.00750522,-0.00202488
1790880729313,1.24662,-10.4976,-0.000600396,0.00900712,0.012777,0.00184232,405,1.25001,-10.5,5.18998e-05,0.00382495,-0.00195412
1790880730313,1.24711,-10.4948,-0.00131372,0.00887156,0.0123904,0.00185158,415,1.25001,-10.5,5.30918e-05,0.00589347,-0.00136681
1790880731313,1.24738,-10.4846,0.347223,0.00909951,0.0127611,0.00363446,423,1.24622,-10.4656,0.346494,0.0190012,0.000729194
1790880732333,1.24324,-10.4685,0.86704,0.0100833,0.0121441,0.00285688,432,1.25125,-10.4411,0.864196,0.0285185,-0.00378516
1790880733333,1.24117,-10.4525,1.40589,0.0112501,0.0106711,0.00289894,442,1.25134,-10.4293,1.39296,0.0258573,-0.000999844
1790880734333,1.22748,-10.4394,1.76787,0.0122877,0.0099933,0.00244411,451,1.24062,-10.3962,1.75541,0.0447337,0.00349814
1790880735333,0.728584,-10.588,1.93363,0.0238388,0.0145304,0.00195392,459,0.745755,-10.5636,1.93131,0.0185439,0.00125801
1790880736333,0.151886,-10.7855,1.84682,0.0238874,0.0148487,0.00209448,468,0.133661,-10.7876,1.84847,0.0183447,-0.00164181
1790880737333,-0.497568,-10.9119,1.66452,0.0223448,0.0148231,0.00202921,478,-0.50249,-10.9473,1.66664,0.0380636,-0.00124642
1790880738333,-1.14682,-10.9303,1.45405,0.0257291,0.0166115,0.00211348,486,-1.15043,-10.9931,1.46167,0.0630773,-0.00232195
1790880739352,-1.76697,-10.8328,1.27032,0.0249245,0.0168388,0.002076,495,-1.78379,-10.8957,1.27753,0.06608,-0.00356368
1790880740353,-2.35083,-10.6281,1.12752,0.0214491,0.0158018,0.00192638,505,-2.38307,-10.6711,1.13018,0.0567545,-0.000512716
1790880741353,-2.92072,-10.327,0.995813,0.0203625,0.0163803,0.00189843,514,-2.94121,-10.3543,0.996658,0.0364964,-0.00135792
1790880742373,-3.46987,-9.96398,0.914764,0.020108,0.0171702,0.00190962,523,-3.4726,-9.98763,0.91737,0.0221363,-0.000596853
1790880743392,-3.97419,-9.54491,0.786327,0.0205815,0.0196136,0.00221776,532,-3.97221,-9.58932,0.795775,0.0300038,-0.000692497
1790880744393,-4.39614,-9.06437,0.658101,0.0183912,0.0199663,0.00194854,541,-4.39889,-9.10706,0.659373,0.0305956,0.00239877
1790880745393,-4.52019,-8.90649,0.63236,0.0134872,0.0146355,0.00179607,550,-4.51045,-8.95741,0.632232,0.0536772,0.00048333
1790880746393,-4.51371,-8.91532,0.630831,0.0115899,0.0124853,0.00177444,559,-4.51045,-8.95741,0.632236,0.0428174,-0.000259835
1790880747393,-4.50725,-8.92358,0.631691,0.01117,0.0121543,0.00176324,567,-4.51045,-8.95741,0.632239,0.0340007,-0.00046796
1790880748412,-4.49845,-8.93332,0.633136,0.0106476,0.0116275,0.00178955,577,-4.51045,-8.95741,0.632243,0.0271284,0.00071597
1790880749412,-4.49426,-8.93725,0.631787,0.0105104,0.0115325,0.00178899,586,-4.51045,-8.95741,0.632246,0.0257439,0.000699265
1790880750413,-4.49026,-8.94026,0.63336,0.0104556,0.0115099,0.00179749,595,-4.51045,-8.95741,0.63225,0.0263405,0.000825412
1790880751433,-4.48987,-8.94085,0.634555,0.0104452,0.0115121,0.00180832,604,-4.51045,-8.95741,0.632253,0.0264178,0.00168228
1790880752433,-4.49048,-8.9405,0.629817,0.0104604,0.0115509,0.00182619,613,-4.51045,-8.95741,0.632257,0.0265693,-0.00129126
1790880753453,-4.49193,-8.9409,0.633744,0.0104694,0.0115716,0.00183438,622,-4.51045,-8.95741,0.63226,0.0248626,0.00167533
1790880754453,-4.49044,-8.94188,0.633412,0.0103894,0.0114655,0.00179834,631,-4.51045,-8.95741,0.632264,0.0252124,0.00203821
1790880755453,-4.48912,-8.94173,0.631326,0.0103696,0.0114467,0.00179005,640,-4.51045,-8.95741,0.632267,0.0263561,0.000158227
1790880756453,-4.48876,-8.94523,0.634129,0.0104138,0.0115095,0.001808,649,-4.51045,-8.95741,0.63227,0.0253915,0.0015553
1790880757453,-4.48995,-8.94798,0.750942,0.010444,0.0114476,0.00267823,658,-4.51114,-8.9568,0.721311,0.0233308,-0.00128123
1790880758453,-4.49279,-8.94944,1.22342,0.0112534,0.0107168,0.00290968,667,-4.51789,-8.94732,1.19461,0.0255331,0.00183081
1790880759453,-4.50512,-8.94012,1.52637,0.0121451,0.00989384,0.00238909,676,-4.52589,-8.8976,1.51206,0.0508864,0.00143218
1790880760453,-5.05327,-8.93528,1.62117,0.0242482,0.012326,0.00203092,685,-5.03656,-8.8966,1.62748,0.0578315,0.00124358
1790880761453,-5.68381,-8.86389,1.22893,0.0241536,0.0241877,0.0033409,694,-5.66851,-8.90348,1.2852,0.0483882,-0.00434685
1790880762453,-6.18545,-8.64919,0.847553,0.0216635,0.0210722,0.00302893,703,-6.1936,-8.67672,0.885525,0.0426031,0.00728886
1790880763453,-6.24891,-8.62041,0.241251,0.0145347,0.0151006,0.00385824,712,-6.26371,-8.61795,0.314063,0.0140274,-0.00166773
1790880764453,-6.24303,-8.62996,-0.481622,0.0117503,0.013303,0.0035402,721,-6.24483,-8.61794,-0.423745,0.0112905,-0.00361032
1790880765453,-6.22972,-8.63128,-0.929876,0.011372,0.0120616,0.0028832,730,-6.23008,-8.61994,-0.899316,0.0112324,0.000313725
1790880766473,-6.21573,-8.63025,-1.1715,0.0119328,0.0110236,0.00205259,739,-6.20042,-8.62017,-1.17477,0.0183293,0.00513192
1790880767473,-6.09877,-8.6116,-1.45043,0.0153207,0.0130102,0.00249366,748,-6.11244,-8.61484,-1.44576,0.0101644,-0.00069288
1790880768473,-5.48905,-8.63912,-1.61519,0.0221341,0.0136701,0.0019034,758,-5.50017,-8.64498,-1.61348,0.00912993,-0.00174169
1790880769473,-4.86538,-8.65986,-1.56549,0.0244924,0.0121418,0.00190005,766,-4.92199,-8.66384,-1.56798,0.0115722,-0.00146557
1790880770473,-4.21672,-8.64593,-1.50092,0.0250656,0.0116149,0.0019219,775,-4.19876,-8.65233,-1.50024,0.0190597,-0.000684195
1790880771473,-3.62915,-8.60077,-1.40333,0.0200374,0.0113554,0.00204845,785,-3.62555,-8.61276,-1.40227,0.0125242,-0.00106129
1790880772473,-3.60865,-8.6165,-0.857266,0.0145983,0.0108708,0.00324977,793,-3.60745,-8.656,-0.85396,0.0395157,-0.00330571
1790880773473,-3.60339,-8.63701,-0.482352,0.0121853,0.0114434,0.00256814,802,-3.60732,-8.66997,-0.478602,0.0331906,-0.00375048
1790880774473,-3.59634,-8.65868,-0.318166,0.0108372,0.0120004,0.00208719,811,-3.60708,-8.66732,-0.328156,0.0142771,-0.00161712
1790880775473,-3.58457,-8.62611,-0.175176,0.0103505,0.0130491,0.00227869,820,-3.60137,-8.60923,-0.201292,0.0419873,0.000271469
1790880776473,-3.61615,-8.19465,0.218246,0.0176937,0.0224909,0.00247802,829,-3.59187,-8.22308,0.222954,0.036284,0.0024276
1790880777474,-3.73466,-7.55591,0.139174,0.0150727,0.0241267,0.00215469,838,-3.72384,-7.59134,0.166151,0.0297901,-0.00117225
1790880778493,-3.7671,-6.88644,0.0370501,0.0138029,0.0221989,0.00201647,848,-3.78553,-6.87336,0.0355106,0.0225992,0.00153953
1790880779493,-3.81158,-6.23441,0.0304392,0.0138421,0.0250112,0.00208613,856,-3.81155,-6.29648,0.0504921,0.00550174,-0.00140788
1790880780493,-3.81312,-5.58735,-0.0192463,0.0121284,0.0246414,0.00190823,865,-3.82408,-5.64579,-0.0121959,0.0142391,-0.000210909
1790880781493,-3.81721,-4.95336,0.0528479,0.0130317,0.0215592,0.00192253,875,-3.81123,-4.94992,0.0508498,0.0100326,0.00162355
1790880782493,-3.85765,-4.48686,0.164016,0.0142458,0.0212359,0.00232079,883,-3.84169,-4.53301,0.137376,0.00999466,-0.000549624
1790880783493,-3.97237,-4.02571,0.346391,0.0157876,0.0200544,0.00205337,892,-3.94622,-4.02925,0.352747,0.0260104,-0.0044275
1790880784493,-3.98117,-3.92179,-0.146631,0.0137115,0.0151761,0.00411654,901,-3.96649,-3.95004,-0.0611466,0.0245401,-0.00222505
1790880785493,-3.89889,-3.70733,-0.129417,0.017727,0.0169561,0.00404593,910,-3.85071,-3.69892,-0.125189,0.0489091,-0.00422797
1790880786493,-3.86583,-3.29872,-0.0529449,0.0217741,0.0204014,0.00361522,919,-3.83504,-3.2928,-0.050443,0.0313501,-0.00250188
1790880787493,-3.86019,-3.12769,0.34517,0.0147528,0.0152282,0.00334714,929,-3.83567,-3.10912,0.341513,0.0307588,0.0036567
1790880788493,-4.00357,-2.67069,0.228128,0.0150237,0.0199272,0.00241865,937,-3.98514,-2.60778,0.226717,0.065555,0.0014118
1790880789493,-4.00658,-2.10586,-0.120191,0.0181819,0.0240357,0.00244144,946,-4.01143,-2.06035,-0.117072,0.0457669,-0.00311953
1790880790494,-3.95856,-1.43492,-0.0318856,0.0138333,0.0246496,0.00198648,955,-3.95167,-1.48385,-0.0423479,0.0209252,-0.00148569
1790880791514,-3.9333,-0.750706,-0.0460151,0.0114588,0.0228061,0.0017777,965,-3.91767,-0.760418,-0.0427012,0.0159832,-0.00442712
1790880792533,-3.89186,-0.0912634,-0.0508048,0.0109934,0.0230219,0.00182854,974,-3.87721,-0.110248,-0.0488747,0.0174396,-0.00476221
1790880793533,-3.86847,0.559535,-0.0414777,0.0103013,0.0232931,0.00180138,983,-3.84511,0.541267,-0.0418865,0.0295201,-0.00094638
1790880794533,-3.85991,1.19624,0.0183078,0.010621,0.0233218,0.00182321,992,-3.8271,1.19198,0.0209289,0.0407781,-0.0028952
1790880795533,-3.89371,1.84832,0.0540993,0.0133805,0.0235409,0.00207859,1001,-3.85757,1.83913,0.0672193,0.0418805,0.00124984
1790880796533,-3.81586,2.44498,-0.148091,0.0181015,0.0229471,0.00235242,1010,-3.82086,2.44431,-0.147747,0.0368874,-0.00420997
1790880797533,-3.74669,3.06352,-0.0356979,0.0147309,0.0216219,0.00219918,1019,-3.73339,3.1063,-0.0536884,0.0711915,-0.00160906
1790880798533,-3.73176,3.31812,0.184916,0.0132091,0.0156424,0.00227374,1028,-3.68727,3.37901,0.193673,0.0783415,0.00115842
1790880799533,-3.71472,3.36144,0.035343,0.0110841,0.0135096,0.00210547,1037,-3.6905,3.4285,0.0489762,0.0747927,0.00240491
1790880800553,-3.70315,3.37958,-0.613172,0.0104471,0.0127294,0.00329319,1046,-3.68701,3.42909,-0.563428,0.0538406,-0.00302716
1790880801553,-3.69462,3.38794,-1.05637,0.0111283,0.0116638,0.00286993,1055,-3.69046,3.42831,-1.01769,0.040922,-0.00233091
1790880802553,-3.69126,3.38855,-1.32706,0.0119162,0.0105538,0.00231863,1064,-3.69072,3.41262,-1.31799,0.0237562,-0.00088657
1790880803553,-3.62867,3.41973,-0.756893,0.0122436,0.0110989,0.00326064,1073,-3.62508,3.42801,-0.803879,0.0142843,0.00370076
1790880804553,-3.56796,3.4927,-0.498647,0.0115554,0.0121665,0.00218473,1082,-3.55834,3.50548,-0.508684,0.0254165,-0.00213263
1790880805554,-3.51581,3.57574,-0.393941,0.0107953,0.012701,0.00198995,1091,-3.51694,3.59204,-0.40202,0.0245205,-0.00351378
1790880806572,-3.51182,3.5816,0.0650776,0.00979254,0.0123235,0.00249714,1101,-3.525,3.60247,0.0595199,0.0246426,0.00411795
1790880807573,-3.56041,3.87867,0.218343,0.0127416,0.0217881,0.00225292,1109,-3.57824,3.90957,0.218831,0.0356741,-0.000487819
1790880808573,-3.70291,4.50567,0.11773,0.01739,0.0247327,0.00223827,1118,-3.73019,4.54039,0.118695,0.0491175,0.00106804
1790880809573,-3.75659,5.15344,0.023407,0.013175,0.0220915,0.00185822,1128,-3.79285,5.18924,0.0245492,0.0571484,-0.000464023
1790880810573,-3.76047,5.81924,-0.0321083,0.0118123,0.0255881,0.00178094,1136,-3.79518,5.84093,-0.0294919,0.0442561,-0.0024506
1790880811573,-3.72711,6.45043,-0.0580602,0.0108671,0.0249512,0.00175418,1145,-3.75519,6.49152,-0.0547714,0.0546259,-0.00415634
1790880812573,-3.69826,7.11636,-0.0672142,0.0100531,0.0225848,0.00174923,1155,-3.71438,7.14251,-0.0671339,0.0363869,-0.0006371
1790880813573,-3.65598,7.76349,-0.0718795,0.0099624,0.0254047,0.00174744,1163,-3.67031,7.79249,-0.0714583,0.0350361,-5.36908e-05
1790880814593,-3.58085,8.40959,-0.235272,0.0163728,0.02525,0.00228184,1172,-3.60856,8.4345,-0.228752,0.0464184,0.0017221
1790880815593,-3.41422,8.93307,-0.618846,0.0190242,0.0202302,0.00294544,1182,-3.44215,8.96977,-0.600973,0.0570369,-0.000642922
1790880816613,-3.13657,9.22219,-1.06234,0.0183748,0.0181646,0.00250585,1191,-3.16094,9.23936,-1.0626,0.0335875,-0.00173931
1790880817613,-3.15341,9.2313,-1.61272,0.014023,0.0128473,0.0033438,1200,-3.16116,9.23279,-1.584,0.00958169,0.00285724
1790880818613,-3.17484,9.23021,-1.79007,0.012927,0.0109369,0.00197877,1209,-3.23126,9.22883,-1.78641,0.0564898,-0.000672237
1790880819613,-3.22367,9.23056,-1.88984,0.012544,0.010159,0.00188594,1218,-3.30688,9.22921,-1.89021,0.0892548,-0.00126545
1790880820613,-3.27775,9.23675,-2.2167,0.0121575,0.0100756,0.00274772,1227,-3.36121,9.22963,-2.19586,0.0895934,-0.00307628
1790880821614,-3.31283,9.24233,-2.619,0.0112869,0.0108523,0.00253008,1236,-3.36267,9.23269,-2.60564,0.0507888,-0.00180349
1790880822614,-3.32444,9.23994,-2.89836,0.0103419,0.0116217,0.00235017,1245,-3.3628,9.21328,-2.89089,0.047357,-0.000984975
1790880823633,-3.3284,9.20612,-3.10774,0.00969413,0.0122273,0.0022637,1254,-3.35931,9.0906,-3.09553,0.126408,0.00101219
1790880824633,-3.32182,9.1439,2.82865,0.00943435,0.0123542,0.00236802,1263,-3.29961,9.05014,2.84008,0.101886,-0.000355559
1790880825633,-3.32004,9.0804,-2.83741,0.00977995,0.0125582,0.0035005,1272,-3.32166,9.02363,-2.871,0.0580682,0.00193784
1790880826633,-3.31623,9.06272,-2.27161,0.0103248,0.0119736,0.00305103,1281,-3.31477,9.02067,-2.30178,0.0435251,0.00116816
1790880827633,-3.30755,9.0569,-1.92202,0.0113208,0.0108632,0.00239821,1290,-3.25796,9.02021,-1.93257,0.0638053,-3.74846e-05
1790880828633,-3.26425,9.05027,-1.7645,0.0120678,0.0100605,0.00201617,1299,-3.14857,9.02004,-1.77182,0.126208,0.000624475
1790880829634,-3.21284,9.04846,-1.87491,0.0123032,0.00965284,0.00201838,1308,-3.13354,9.01993,-1.86704,0.0887948,0.00130007
1790880830634,-3.1758,9.04555,-2.03266,0.0122168,0.00966048,0.00202873,1317,-3.11882,9.02057,-2.01963,0.0621247,-0.00251241
1790880831653,-2.98422,8.96428,-1.95619,0.0156367,0.0119409,0.00224555,1326,-2.94824,8.94061,-1.96304,0.0747306,-0.000335949
1790880832653,-2.47446,8.77261,-1.8779,0.0214113,0.0185477,0.00278712,1335,-2.47235,8.7514,-1.91594,0.0477327,-0.00010107
1790880833653,-1.87977,8.70871,-1.4143,0.0229513,0.0210523,0.00264797,1344,-1.89178,8.62534,-1.41644,0.0825618,-0.00171998
1790880834653,-1.24908,8.81167,-1.32299,0.023733,0.0150377,0.00192688,1353,-1.25075,8.7504,-1.32476,0.0671512,0.000829294
1790880835653,-0.62648,8.93853,-1.44532,0.0237674,0.0157975,0.00218645,1362,-0.633275,8.89672,-1.44225,0.0503169,-0.000539588
1790880836653,-0.024745,8.98287,-1.62483,0.0235184,0.019067,0.00263522,1371,-0.026732,8.95657,-1.59069,0.0552237,0.00404966
1790880837654,0.550098,8.94778,-1.6047,0.0212862,0.0142093,0.00197984,1380,0.583712,8.9185,-1.61197,0.0592835,-0.000964682
1790880838673,0.812021,8.96941,-1.71,0.0166957,0.0139449,0.00392074,1389,0.86897,8.94804,-1.63868,0.0629213,0.00679898
1790880839673,0.820035,8.97713,-2.34318,0.013439,0.0118917,0.00336029,1398,0.869465,8.98067,-2.29152,0.0494709,0.00155318
1790880840673,0.824297,8.97453,-2.79697,0.0116183,0.0120072,0.00274262,1407,0.873192,8.92825,-2.76496,0.0679845,0.0010868
1790880841674,0.838657,8.91567,-3.0089,0.0104043,0.0123758,0.0021461,1416,0.873239,8.74138,-2.9961,0.188309,-0.00150128
1790880842693,0.851009,8.80234,2.82815,0.00980838,0.0126116,0.00356428,1425,0.903716,8.614,2.89605,0.206864,-0.00319497
1790880843693,0.863244,8.72439,2.43179,0.0102055,0.0122063,0.00257295,1434,0.941757,8.61394,2.43322,0.13551,-0.00143082
1790880844693,0.844321,8.66143,2.15728,0.0117165,0.0122491,0.00293372,1443,0.918961,8.59811,2.20499,0.0984002,-0.000961625
1790880845693,0.415884,8.37858,1.89772,0.0191161,0.0183825,0.00288113,1453,0.48233,8.35143,1.86557,0.0629126,0.00342141
1790880846693,-0.0350189,8.25554,1.78752,0.0209276,0.01899,0.00309392,1461,0.015446,8.26612,1.72432,0.0116501,0.00332465
1790880847693,-0.409757,8.13798,2.30724,0.0198478,0.0199296,0.00276634,1470,-0.393315,8.21115,2.3087,0.0709521,-0.00162626
1790880848694,-0.834502,7.83026,2.56199,0.0204091,0.0202283,0.00322275,1480,-0.824381,7.8474,2.56095,0.019899,0.00104555
1790880849713,-1.09084,7.2942,2.98746,0.0212187,0.0222491,0.00266357,1489,-1.10665,7.28855,2.97876,0.0370722,-0.00118514
1790880850714,-1.16467,6.64423,-3.12637,0.0150765,0.0229563,0.00195684,1498,-1.18059,6.64094,-3.13191,0.0293237,0.00147609
1790880851714,-1.15431,5.98772,-3.10547,0.0121478,0.0232632,0.00179661,1507,-1.16266,5.9902,-3.10566,0.0212122,0.00137685
1790880852733,-1.15415,5.33109,3.11526,0.0113497,0.0236042,0.00184314,1516,-1.14403,5.33888,3.11796,0.0309747,0.00243974
1790880853734,-1.18466,4.66731,3.06978,0.0107482,0.0239596,0.00181874,1525,-1.16736,4.68865,3.06692,0.0282646,0.00377043
1790880854753,-1.22641,4.00545,3.0876,0.0104325,0.0243112,0.00184616,1534,-1.21295,4.03898,3.08074,0.0236973,0.00225137
1790880855753,-1.23793,3.34704,3.10682,0.0103433,0.0247967,0.00185841,1543,-1.22752,3.3883,3.11065,0.0265563,0.00134054
1790880856753,-1.25804,2.67311,3.10202,0.0101322,0.0248517,0.00185528,1552,-1.25438,2.66471,3.10162,0.0091597,0.000400587
1790880857753,-1.26915,2.00142,3.13533,0.0100303,0.022718,0.00177108,1562,-1.26899,2.01332,3.13251,0.00190868,0.00104342
1790880858753,-1.26754,1.37115,3.0977,0.0109014,0.0252952,0.00183294,1570,-1.27477,1.38338,3.09962,0.00925433,0.000292756
1790880859753,-1.29925,0.731289,3.07771,0.0103007,0.0226264,0.00176804,1580,-1.30885,0.73442,3.07345,0.0127921,0.00282363
1790880860754,-1.32383,0.0783245,3.0881,0.0102922,0.0226012,0.00188738,1589,-1.3404,0.0835227,3.08893,0.0175318,-0.000324114
1790880861774,-1.37143,-0.592182,3.07012,0.0100942,0.0231075,0.00178381,1598,-1.38003,-0.566928,3.06905,0.00993515,-0.00132698
1790880862795,-1.38633,-1.17461,-3.11891,0.0115641,0.0212916,0.00194366,1607,-1.40102,-1.14136,-3.12235,0.0143218,-0.00133703
1790880863814,-1.2967,-1.78454,-2.92477,0.0152778,0.0242456,0.00205703,1616,-1.32866,-1.75338,-2.92567,0.0275424,-0.000702413
1790880864834,-1.18621,-2.43463,-3.07211,0.015898,0.0245019,0.00227215,1625,-1.19205,-2.39094,-3.04358,0.0194863,-0.00320399
1790880865854,-1.17023,-3.10062,3.00999,0.0150443,0.0225509,0.00199609,1635,-1.15968,-3.10486,3.01177,0.0214273,0.000542854
1790880866874,-1.21407,-3.74728,3.09059,0.0134454,0.0224395,0.00204989,1644,-1.24313,-3.75123,3.08801,0.0308741,0.00161663
1790880867874,-1.22386,-4.38792,-3.1376,0.0119007,0.0250458,0.00178058,1652,-1.26774,-4.40317,-3.13662,0.0503061,-0.00228301
1790880868893,-1.2347,-5.0595,3.09442,0.0113476,0.0230984,0.00184434,1662,-1.26548,-5.05428,3.09286,0.04071,0.00278367
1790880869893,-1.25461,-5.68899,3.13601,0.0145548,0.0224078,0.00227278,1671,-1.29279,-5.68832,-3.13504,0.0524516,0.00500459
1790880870893,-1.26164,-6.1623,-3.1337,0.0151188,0.0205667,0.00226238,1680,-1.28539,-6.14727,-3.13597,0.0223307,-0.0042854
1790880871894,-1.20608,-6.7888,-3.07041,0.0126741,0.0230374,0.00184177,1689,-1.23599,-6.78773,-3.06716,0.0383126,-0.00174079
1790880872914,-1.15889,-7.43719,-3.09862,0.0111566,0.0238077,0.0018121,1698,-1.19037,-7.43815,-3.09206,0.050627,-0.00405574
1790880873933,-1.1344,-8.05193,-3.14077,0.0105932,0.0228188,0.00184664,1707,-1.16203,-8.05706,-3.13688,0.0506511,-0.000510835
1790880874934,-1.12981,-8.23861,-2.98396,0.00994447,0.0160589,0.00299052,1716,-1.16231,-8.3044,-3.02971,0.0745656,0.00114744
1790880875934,-1.13001,-8.25072,-2.44146,0.0100646,0.013255,0.00288208,1725,-1.18234,-8.31049,-2.47309,0.0793949,0.00539031
1790880876953,-1.13169,-8.25789,-2.15877,0.010951,0.0118336,0.00233181,1734,-1.17939,-8.31255,-2.1786,0.0727512,-0.000908934
1790880877953,-0.996339,-8.32274,-1.91858,0.0164512,0.0133252,0.00245497,1743,-1.08525,-8.37325,-1.94162,0.0812646,0.00178514
1790880878953,-0.418523,-8.52083,-1.81508,0.0238952,0.0135652,0.00196438,1752,-0.435069,-8.57883,-1.81643,0.0603141,0.00135874
1790880879953,0.180047,-8.68778,-1.75136,0.0206871,0.0134319,0.00218377,1762,0.144922,-8.72469,-1.76054,0.047562,0.00160796
1790880880953,0.624469,-8.68231,-1.25965,0.0213207,0.0189906,0.0023692,1770,0.630549,-8.74405,-1.26282,0.0611554,-0.00146867
1790880881953,1.00252,-8.54609,-0.869863,0.0180343,0.0173146,0.00291632,1780,0.988362,-8.60819,-0.883805,0.057221,-0.00333061
1790880882953,1.18708,-8.32435,-0.410183,0.0164823,0.017178,0.00255811,1789,1.16184,-8.38085,-0.415589,0.0558817,0.000946172
1790880883953,1.30409,-7.94565,-0.168312,0.0149631,0.0214327,0.00204481,1797,1.27147,-7.98877,-0.170742,0.0456199,0.000571991
1790880884954,1.36483,-7.35536,0.00468881,0.0178508,0.0224886,0.00225486,1807,1.326,-7.37384,0.00176327,0.0396855,0.00462701
1790880885954,1.33589,-6.70435,0.0501937,0.0152858,0.0229164,0.00203788,1816,1.30677,-6.72567,0.048064,0.0304616,0.00336186
1790880886954,1.29961,-6.08193,0.0563308,0.0168428,0.0252304,0.00219077,1824,1.27056,-6.09143,0.0637068,0.0291142,-0.00112854
1790880887973,1.28777,-5.42313,0.045678,0.0131181,0.023094,0.00186989,1834,1.244,-5.44312,0.040664,0.0448887,0.0024471
1790880888974,1.27647,-5.28938,0.0452668,0.0110231,0.0156442,0.00176402,1843,1.23858,-5.32156,0.0475456,0.0502192,-0.00217843
1790880889994,1.27285,-5.29702,0.0449386,0.0100605,0.0134935,0.00178232,1852,1.23858,-5.32156,0.0475438,0.0425887,-0.0032209
1790880891014,1.27221,-5.30404,0.0439199,0.00957617,0.0129323,0.00179806,1861,1.23858,-5.32157,0.0475419,0.0381537,-0.00450115
1790880892034,1.27316,-5.30599,0.0507701,0.0093487,0.0128589,0.00183427,1870,1.23858,-5.32157,0.04754,0.0380023,0.00253211
1790880893034,1.27321,-5.30781,0.0502801,0.00906252,0.0124292,0.00184244,1880,1.23858,-5.32157,0.047538,0.0372692,0.00274209
1790880894034,1.27223,-5.30732,0.0484836,0.00911371,0.012755,0.00182583,1888,1.23858,-5.32158,0.0475363,0.0364397,0.000495476
1790880895053,1.27133,-5.30634,0.0475711,0.00909857,0.0128336,0.00185291,1897,1.23858,-5.32158,0.0475342,0.0361417,0.000137708
1790880896054,1.27177,-5.2907,0.0522543,0.00895141,0.0126366,0.00179862,1907,1.23689,-5.30755,0.0531736,0.0375482,-0.000816938
1790880897073,1.22886,-4.75608,0.0711324,0.0123318,0.0210092,0.00197077,1916,1.19122,-4.77995,0.0804325,0.0400198,-0.00173208
1790880898075,1.23034,-4.10176,-0.00696957,0.0141047,0.0224229,0.00194515,1925,1.18593,-4.14744,-0.010075,0.0506108,-0.0025068
1790880899093,1.22028,-3.45105,0.0208482,0.0149143,0.0231025,0.00212536,1934,1.18082,-3.49799,0.0361246,0.0421203,-0.000863457
1790880900093,1.24313,-2.81179,-0.168459,0.019278,0.0235159,0.00281855,1943,1.18985,-2.85351,-0.131221,0.0524374,0.00441723
1790880901094,1.23879,-2.68797,-0.244856,0.0140449,0.0156538,0.00190376,1952,1.19813,-2.71441,-0.245685,0.0505979,0.00145035
1790880902094,1.22894,-2.69268,-0.242224,0.0115062,0.0134488,0.00180873,1961,1.19812,-2.71441,-0.245684,0.0380148,0.00202349
1790880903094,1.22213,-2.69358,-0.672495,0.0106785,0.0125389,0.0031476,1970,1.19026,-2.71811,-0.640981,0.0410413,0.000528373
1790880904113,1.21519,-2.69923,-1.27608,0.0114337,0.0113369,0.0036652,1979,1.19412,-2.72241,-1.209,0.032693,-0.000249682
1790880905113,1.20703,-2.70345,-2.01336,0.0121881,0.0103366,0.00354923,1988,1.19423,-2.71572,-1.95423,0.0182039,-0.00235378
1790880906114,1.19932,-2.70145,-2.49068,0.0117639,0.0107951,0.00298181,1997,1.19296,-2.70785,-2.44788,0.00955782,-0.00100607
1790880907134,1.19665,-2.71118,-2.74961,0.0106393,0.0114165,0.0020839,2007,1.19313,-2.75089,-2.74682,0.0422429,-8.4352e-05
1790880908154,1.19826,-2.745,-2.86863,0.0100128,0.0119872,0.00190321,2016,1.19326,-2.80851,-2.86274,0.0681708,-0.0030951
1790880909154,1.25372,-3.15518,-3.07734,0.0151645,0.0213895,0.00244452,2025,1.25882,-3.1121,-3.05387,0.0109855,0.00447611
1790880910154,1.2493,-3.78766,-3.13926,0.0146444,0.0236525,0.00203579,2034,1.25238,-3.75226,3.13215,0.00401443,0.00334698
1790880911154,1.27423,-4.43628,-3.10028,0.0121188,0.0234618,0.00182759,2043,1.26024,-4.40313,-3.10065,0.01242,-0.000675928
1790880912174,1.30074,-5.10957,-3.12554,0.0109572,0.0244915,0.00183128,2052,1.28543,-5.05446,-3.12691,0.0164843,0.00391939
1790880913174,1.30255,-5.75455,3.1389,0.0102943,0.024332,0.00181878,2061,1.29022,-5.70633,-3.14088,0.012325,-0.00469017
1790880914193,1.31153,-6.40377,-3.12919,0.0103974,0.0248728,0.00187154,2070,1.29197,-6.35785,-3.12514,0.0249171,-0.000299925
1790880915194,1.33365,-7.06834,-3.07587,0.0108182,0.0249278,0.00189907,2079,1.30022,-7.00895,-3.08158,0.0299623,-0.00262307
1790880916194,1.40969,-7.70265,-2.95288,0.0129044,0.0242158,0.00203458,2088,1.3472,-7.65464,-2.96875,0.0507951,-0.00181359
1790880917194,1.57695,-8.32377,-2.69056,0.0199426,0.0243138,0.00270044,2097,1.50218,-8.33798,-2.6891,0.0761104,-0.00145982
1790880918213,1.8917,-8.78335,-2.23027,0.0230026,0.0232032,0.00325344,2106,1.84308,-8.79116,-2.23169,0.0464555,-0.00268398
1790880919213,2.27325,-8.98018,-1.82788,0.0188473,0.0170282,0.00233071,2116,2.24124,-8.98072,-1.83188,0.0260475,-8.16791e-06
1790880920213,2.60194,-9.03815,-1.58245,0.0167819,0.0140221,0.00254505,2125,2.61667,-9.03487,-1.59297,0.0267125,-0.00389088
1790880921213,2.89168,-8.98872,-1.14282,0.017302,0.0152283,0.00244828,2133,2.85734,-9.00159,-1.15134,0.0320141,0.00361739
1790880922213,3.10806,-8.80156,-0.647709,0.0177857,0.0174401,0.00289303,2143,3.07563,-8.80537,-0.662451,0.0270879,-0.000685303
1790880923214,3.29602,-8.29875,-0.24204,0.0187599,0.0223213,0.00233597,2152,3.27606,-8.28731,-0.250219,0.0351914,0.00364668
1790880924214,3.41332,-7.71235,-0.181873,0.0144375,0.0232225,0.00184411,2160,3.40103,-7.74173,-0.182734,0.0288887,0.000338811
1790880925214,3.41124,-7.74614,-0.178508,0.0112824,0.0145198,0.00176963,2170,3.40102,-7.74174,-0.18273,0.0107661,0.00386607
1790880926234,3.40899,-7.75655,-0.18225,0.0102448,0.0131557,0.0017999,2179,3.40102,-7.74174,-0.182731,0.0164807,0.000765221
1790880927253,3.40508,-7.76132,-0.181315,0.00975936,0.012865,0.00182498,2188,3.40102,-7.74174,-0.182731,0.0197603,0.00150694
1790880928254,3.4028,-7.76128,-0.187766,0.00949324,0.0127383,0.00183551,2197,3.40101,-7.74174,-0.182731,0.0197038,-0.00517761
1790880929254,3.40233,-7.75798,-0.185496,0.00933965,0.012664,0.00183452,2206,3.40101,-7.74174,-0.182731,0.0166973,-0.00444644
1790880930273,3.44094,-7.60861,-0.224288,0.0111912,0.0173243,0.00222935,2215,3.44733,-7.55289,-0.227779,0.0620825,0.0013371
1790880931273,3.53979,-6.96167,-0.081527,0.0161411,0.0243216,0.00225322,2224,3.55068,-6.99212,-0.0664352,0.0411682,0.000420573
1790880932273,3.63546,-6.29929,-0.143161,0.0135252,0.0223646,0.00200156,2234,3.63506,-6.28458,-0.142181,0.0200626,-0.00187558
1790880933274,3.69306,-5.67256,-0.0360136,0.0134957,0.0249362,0.00204002,2242,3.70818,-5.64999,-0.0355521,0.0271724,-0.000461461
1790880934293,3.71411,-5.00603,-0.0256028,0.013407,0.023081,0.00197585,2252,3.71996,-5.00113,-0.0265628,0.0281116,-0.00243889
1790880935294,3.71427,-4.34999,-0.00864279,0.0146893,0.0234576,0.00204956,2261,3.71483,-4.35178,-0.00900729,0.0290179,-0.000637027
1790880936294,3.70504,-3.7067,0.0153805,0.0118234,0.02314,0.00180969,2270,3.70873,-3.69994,0.0158829,0.036809,0.000321286
1790880937294,3.69543,-3.04454,0.0127281,0.0105909,0.02365,0.00179579,2279,3.69462,-3.04783,0.0157179,0.0376929,-0.000900751
1790880938313,3.69643,-2.38872,0.029917,0.0104099,0.0240473,0.00184559,2288,3.6886,-2.3963,0.0249764,0.0423379,-0.000757553
1790880939314,3.66996,-1.74909,0.0267855,0.010418,0.024209,0.00184223,2297,3.66243,-1.74488,0.0317769,0.0566041,0.000242647
1790880940314,3.66983,-1.0877,-0.0627892,0.0118885,0.0242871,0.00198332,2306,3.64158,-1.09324,-0.0512718,0.0557832,-0.000412102
1790880941335,3.69942,-0.409928,-0.0180502,0.0124933,0.0219703,0.0021162,2316,3.68441,-0.365504,-0.0183609,0.0468912,0.000310697
1790880942354,3.68642,0.26976,0.145209,0.0174643,0.0227605,0.00240212,2325,3.68988,0.280309,0.135643,0.027342,0.00201114
1790880943374,3.63015,0.939843,0.0633896,0.0142589,0.0238268,0.00196694,2334,3.60052,0.924905,0.0677093,0.0394243,0.000116291
1790880944394,3.60572,1.61097,-0.0819315,0.0185502,0.0241296,0.00262107,2343,3.5631,1.58626,-0.0475255,0.0509483,-0.00380415
1790880945416,3.68455,2.272,-0.154149,0.0141959,0.0241775,0.00195185,2352,3.62786,2.22936,-0.158336,0.0520889,-0.00222389
1790880946434,3.7587,2.94767,-0.108359,0.0117245,0.0227296,0.00177547,2362,3.72427,2.94688,-0.107568,0.0367385,-0.00178039
1790880947434,3.83265,3.58905,-0.0991395,0.0108947,0.0252657,0.00174906,2370,3.79398,3.59489,-0.103378,0.0413158,0.00330083
1790880948453,3.89159,4.26341,-0.0518841,0.010485,0.0233619,0.00180323,2380,3.85449,4.24369,-0.0543462,0.0362801,0.00164726
1790880949453,3.90279,4.92501,-0.00310704,0.0103668,0.0233154,0.00180979,2389,3.88229,4.89489,-0.00237973,0.0210658,-0.00329894
1790880950454,3.90227,5.59514,0.0360547,0.0105748,0.023929,0.00187032,2398,3.87778,5.5463,0.0261271,0.0277036,-0.00208164
1790880951454,3.84518,6.2287,0.0942228,0.0111549,0.0239442,0.00183725,2407,3.8351,6.19564,0.0940226,0.0156495,-0.00107009
1790880952474,3.77613,6.88282,0.0736675,0.0107284,0.0246172,0.00186756,2416,3.77318,6.81229,0.083641,0.00900101,-0.00366855
1790880953493,3.7482,7.24621,0.0571311,0.0122052,0.0185187,0.00250647,2425,3.73523,7.26848,0.0585478,0.0257756,-0.00141667
1790880954494,3.72482,7.32791,0.354592,0.0109071,0.0143734,0.00351503,2434,3.72858,7.34561,0.356287,0.0180942,-0.00169491
1790880955514,3.71135,7.34237,0.911718,0.0107191,0.0122761,0.00294735,2444,3.72086,7.33196,0.898543,0.0141364,0.000143531
1790880956515,3.70326,7.34919,1.5468,0.01166,0.0108,0.00328116,2453,3.72086,7.33198,1.52485,0.0241721,-0.00621647
1790880957535,3.70692,7.35021,2.0223,0.0121281,0.0101553,0.00248108,2462,3.72093,7.33879,2.00952,0.0180339,-0.000560674
1790880958553,3.71213,7.35182,1.80453,0.0122152,0.0100927,0.00355447,2471,3.72067,7.33929,1.86047,0.0154021,-0.00068151
1790880959553,3.71286,7.3494,1.06609,0.012428,0.00979147,0.00357692,2480,3.71826,7.31078,1.11789,0.0402681,0.00473709
1790880960553,3.7157,7.33569,0.534505,0.0116149,0.0107185,0.0029804,2489,3.71739,7.29875,0.562779,0.0371277,0.00198433
1790880961553,3.71474,7.32484,-0.0285039,0.0104743,0.0118396,0.00354566,2498,3.69259,7.30873,0.0286197,0.0280074,-0.00229356
1790880962554,3.69983,7.31397,-0.261238,0.00986784,0.0123153,0.00206585,2507,3.65931,7.30903,-0.25111,0.0427767,-0.00274274
1790880963554,3.68747,7.30558,-0.369727,0.00969883,0.0123341,0.00192961,2516,3.65939,7.33139,-0.36089,0.0390656,-0.00386185
1790880964573,3.81002,7.57043,-0.503955,0.012343,0.0173663,0.00197393,2525,3.7928,7.57858,-0.497073,0.0347059,0.000420207
1790880965573,4.01787,7.91877,-0.576976,0.0131077,0.0169764,0.00186809,2534,4.00004,7.9309,-0.581647,0.0241281,0.00531733
1790880966573,4.00494,7.9146,-0.57946,0.0111802,0.0132015,0.00182385,2543,4.00013,7.93103,-0.581643,0.0167111,0.0031385
1790880967574,3.99797,7.91197,-0.57977,0.0106021,0.0121731,0.00180697,2552,4.00013,7.93103,-0.58164,0.0191021,0.0027292
1790880968574,4.08858,8.01726,-0.789332,0.0144604,0.0153123,0.00256212,2561,4.09963,8.03135,-0.77218,0.0583675,0.000871576
1790880969594,4.60753,8.46064,-0.987229,0.0214034,0.0193379,0.00229281,2570,4.59102,8.45045,-0.963616,0.0386104,0.00109423
1790880970594,5.11254,8.70929,-1.32424,0.0214761,0.0199629,0.0030076,2579,5.11123,8.7129,-1.27359,0.0415335,0.00097509
1790880971613,5.6517,8.72014,-1.98278,0.0238467,0.025297,0.00282224,2588,5.6877,8.7843,-1.97974,0.0749813,0.0058341
1790880972613,6.14613,8.4402,-2.39539,0.0213269,0.0211562,0.00254867,2598,6.16825,8.45631,-2.38595,0.0307289,0.000222356
1790880973613,6.4936,7.93033,-2.7384,0.0195521,0.0217402,0.00233413,2607,6.504,7.93471,-2.73059,0.0176648,-0.00221529
1790880974613,6.72427,7.34025,-2.81494,0.0163797,0.0241924,0.00191525,2615,6.73298,7.32138,-2.81403,0.0368365,-0.000444186
1790880975614,6.91847,6.69527,-2.90875,0.0157324,0.022958,0.00202858,2625,6.92557,6.70053,-2.90568,0.025761,-0.00401628
1790880976614,7.02562,6.05791,-3.11344,0.0163635,0.0230236,0.0021942,2634,7.05066,6.05934,-3.09899,0.0398296,-0.00307515
1790880977614,7.02587,5.4007,3.00441,0.015067,0.0235726,0.00204579,2643,7.06094,5.40884,3.01192,0.0413795,0.000491862
1790880978635,6.97312,4.98433,2.92868,0.0128383,0.0182681,0.00186383,2652,7.00544,4.99404,2.93204,0.0376103,-0.00309156
1790880979635,6.99076,4.99666,2.93125,0.0109513,0.0140789,0.00181363,2661,7.00545,4.99404,2.93203,0.0150072,-0.00280031
1790880980653,6.99623,4.9966,2.93211,0.0101253,0.0130893,0.00182544,2670,7.00545,4.99404,2.93203,0.0100992,0.00081126
1790880981654,7.00076,4.99489,2.92959,0.00970057,0.0127771,0.00182539,2679,7.00545,4.99403,2.93203,0.00534885,-0.00122141
1790880982673,7.00612,4.99482,2.93189,0.00932276,0.0123298,0.00184319,2689,7.00545,4.99403,2.93203,0.00102968,-0.000131458
1790880983673,7.00941,4.99529,2.927,0.00936516,0.0126764,0.00183439,2697,7.00545,4.99403,2.93202,0.00371403,-0.00434082
1790880984673,7.01295,4.99888,2.92956,0.00929798,0.0126595,0.00183477,2706,7.00545,4.99403,2.93202,0.00835997,-0.0021337
1790880985674,7.01847,4.99881,2.93081,0.00910584,0.012268,0.00184266,2716,7.00546,4.99403,2.93202,0.0138629,-0.00120406
1790880986694,7.02224,4.99828,2.93325,0.0091096,0.0123334,0.00174547,2725,7.00546,4.99403,2.93202,0.0170991,0.00114342
1790880987694,7.0284,4.99924,2.93247,0.00924788,0.0127146,0.00185163,2733,7.00546,4.99403,2.93201,0.0235368,0.000639845
1790880988714,7.0349,5.00241,2.93354,0.00927077,0.0127818,0.00176185,2742,7.00546,4.99403,2.93201,0.0306475,0.00155325
1790880989714,7.03826,5.007,2.93189,0.00911238,0.0124089,0.00176181,2752,7.00546,4.99403,2.93201,0.0350245,0.00110361
1790880990714,7.04107,5.00959,2.93333,0.00910778,0.0123988,0.00176141,2761,7.00546,4.99402,2.932,0.0386239,0.00153323
1790880991714,7.04165,5.00974,2.93591,0.00926287,0.0127933,0.00176085,2769,7.00546,4.99402,2.932,0.0394863,0.00367879
1790880992733,7.03876,5.01207,2.93405,0.00914177,0.0124905,0.00178887,2779,7.00547,4.99402,2.932,0.0376449,0.000104464
1790880993734,7.03526,5.02076,2.93159,0.00913081,0.0124564,0.00178034,2788,7.00547,4.99402,2.932,0.0403573,-0.00119808
1790880994753,7.03012,5.02024,2.93525,0.00916652,0.0125504,0.00180943,2797,7.00547,4.99402,2.93199,0.036046,0.00315301
1790880995754,7.02848,5.01638,2.93409,0.00917646,0.0125826,0.00181495,2806,7.00547,4.99402,2.93199,0.0324188,0.00156948
1790880996773,7.02822,5.01598,2.9371,0.00919817,0.0126426,0.00183383,2815,7.00547,4.99402,2.93199,0.031525,0.00333864
1790880997774,7.02999,5.0201,2.93289,0.00922419,0.0127065,0.00185182,2824,7.00547,4.99402,2.93199,0.0358113,0.000809834
1790880998774,7.03181,5.02242,2.93171,0.00907957,0.0123344,0.00174427,2834,7.00548,4.99401,2.93198,0.0387049,-0.00077957
1790880999794,7.03246,5.0197,2.93153,0.00912143,0.0124329,0.00177234,2843,7.00548,4.99401,2.93198,0.0371935,-0.00230769
1790881000794,7.03422,5.02,2.93237,0.00912936,0.0124489,0.0017804,2852,7.00548,4.99401,2.93198,0.0388417,0.000389896
1790881001794,7.03505,5.01466,2.93131,0.00913327,0.0124641,0.00178022,2861,7.00548,4.99401,2.93198,0.0365261,0.000143475
1790881002794,7.03794,5.01455,2.93299,0.00913423,0.0124685,0.0017795,2870,7.00548,4.99401,2.93197,0.0378613,0.000325955
1790881003794,7.03961,5.01276,2.93359,0.0091342,0.0124743,0.00177881,2879,7.00548,4.99401,2.93197,0.0388078,0.00123588
1790881004794,7.03932,5.01162,2.93216,0.00913312,0.0124701,0.00177956,2888,7.00548,4.99401,2.93197,0.0380497,0.00017611
1790881005814,7.03956,5.01033,2.93135,0.00918021,0.0125817,0.00181674,2897,7.00549,4.99401,2.93197,0.0377445,-3.62358e-06
1790881006814,7.03979,5.01109,3.04521,0.009128,0.0125276,0.00228338,2906,7.00618,4.99419,3.02899,0.0375207,-0.000592793
1790881007814,7.04917,4.6395,-3.03131,0.0156553,0.0223602,0.00243583,2915,7.0235,4.6616,-3.03844,0.0310204,0.00172656
1790881008834,7.12612,3.99418,-3.04907,0.0131337,0.024054,0.00192972,2924,7.10209,4.01528,-3.0413,0.0354534,-0.000352504
1790881009834,7.15821,3.34386,-3.14089,0.0122544,0.0239794,0.00191033,2933,7.15401,3.36496,-3.13103,0.0273384,-0.000197841
1790881010834,7.13622,2.69164,3.05907,0.0118641,0.0243566,0.00189456,2942,7.14264,2.71524,3.06613,0.0321308,-0.00304648
1790881011834,7.06634,2.04678,3.02421,0.0111402,0.0246707,0.00185387,2951,7.08469,2.06684,3.02376,0.0484543,0.00166041
1790881012834,6.99568,1.41621,3.061,0.0107963,0.024005,0.00185871,2960,7.01501,1.41919,3.05366,0.0539348,0.00260461
1790881013853,6.95784,0.736212,3.09952,0.0105147,0.0251074,0.00186943,2969,6.96806,0.696219,3.09872,0.0452466,0.000832076
1790881014853,6.90882,0.0583128,3.05824,0.0103733,0.025203,0.00186637,2978,6.92888,0.0459566,3.05953,0.0268344,-0.00126458
1790881015853,6.86391,-0.581316,3.08334,0.0101056,0.0219654,0.00188185,2988,6.87634,-0.603778,3.08614,0.0256723,-0.00279223
1790881016854,6.85041,-1.22464,3.13194,0.0102711,0.0250277,0.00187631,2996,6.85212,-1.25514,3.13264,0.0359585,-0.00100169
1790881017854,6.84875,-1.87926,3.1231,0.0100456,0.0251874,0.00186114,3005,6.85085,-1.90713,3.12135,0.0279461,0.00174553
1790881018854,6.83196,-2.52805,3.10003,0.00975003,0.0223599,0.00185223,3015,6.8307,-2.55832,3.0965,0.0302955,0.00353057
1790881019854,6.8157,-3.18827,3.12559,0.00989014,0.024899,0.00184632,3023,6.81065,-3.13739,3.12307,0.0219183,-0.0013784
1790881020854,6.81775,-3.85143,-3.14117,0.0098372,0.0248162,0.001845,3032,6.81246,-3.86161,3.13884,0.011477,0.00316825
1790881021854,6.81101,-4.512,3.14081,0.00945294,0.0221471,0.00184517,3042,6.81274,-4.51351,-3.14067,0.00229861,-0.00170312
1790881022854,6.8014,-5.17434,3.13794,0.0095434,0.0250302,0.00184518,3050,6.81005,-5.16504,3.13916,0.0127036,-0.00122066
1790881023854,6.79221,-5.81254,3.12286,0.00958492,0.0248093,0.00184601,3059,6.80626,-5.81677,3.12168,0.0146715,0.00118545
1790881024855,6.76954,-6.47391,3.07726,0.0098726,0.0222342,0.00189455,3069,6.79,-6.46777,3.07992,0.0203094,-0.00179221
1790881025873,6.69528,-7.13722,2.93968,0.0128934,0.0226435,0.00192738,3078,6.73407,-7.11113,2.94115,0.0419123,0.000810722
1790881026874,6.52615,-7.73998,2.69242,0.0187562,0.0245364,0.00246398,3086,6.57473,-7.72313,2.69534,0.0476353,-0.000794458
1790881027894,6.21144,-8.27025,2.39644,0.0218235,0.0234341,0.00237647,3095,6.23938,-8.25238,2.40936,0.0147784,-0.00409471
1790881028914,5.73584,-8.68244,2.13094,0.0216065,0.0200099,0.00230834,3105,5.75885,-8.66787,2.14551,0.0016418,-0.000861155
1790881029914,5.16371,-8.96664,1.88047,0.0224021,0.0189726,0.00235734,3114,5.18337,-8.96675,1.88996,0.0106101,0.000111236
1790881030934,4.51377,-9.15738,1.72727,0.0233344,0.0182311,0.00238141,3123,4.56202,-9.14851,1.72636,0.0069204,0.00178095
1790881031934,3.89099,-9.27261,1.76346,0.0228909,0.0150681,0.00207413,3132,3.91997,-9.24488,1.75096,0.0208044,0.00105462
1790881032934,3.26969,-9.4008,1.76879,0.0231023,0.0132707,0.00185205,3141,3.27833,-9.37492,1.77267,0.0262372,-0.00218256
1790881033934,2.63013,-9.49646,1.64958,0.0231179,0.0150461,0.00222542,3150,2.64067,-9.48166,1.66603,0.02568,0.000925078
1790881034934,1.99548,-9.49607,1.51346,0.0232001,0.0135642,0.00193789,3159,1.99194,-9.5148,1.51994,0.0363806,0.00117542
1790881035934,1.33687,-9.46604,1.50078,0.0235461,0.0119953,0.00183429,3168,1.34271,-9.48391,1.50245,0.0274078,-0.000532928
1790881036934,0.684883,-9.4099,1.47095,0.0234507,0.0109865,0.00179235,3177,0.693302,-9.43149,1.47309,0.0271894,-0.000717926
1790881037934,0.0428705,-9.35506,1.51234,0.0230901,0.0112962,0.00183807,3186,0.044681,-9.3628,1.51175,0.0240294,-0.00104862
1790881038934,-0.610813,-9.32064,1.51041,0.0232716,0.0104084,0.00179372,3195,-0.606263,-9.32692,1.51341,0.0317119,-0.00103046
1790881039934,-1.24863,-9.27251,1.47425,0.0229634,0.010345,0.00178225,3204,-1.25635,-9.28334,1.47456,0.0274094,-0.000367725
1790881040934,-1.90078,-9.20606,1.45515,0.022889,0.0103227,0.00178035,3213,-1.90329,-9.21514,1.45707,0.0239887,-0.000521472
1790881041934,-2.54279,-9.13032,1.42374,0.0228408,0.0109018,0.00184348,3222,-2.54892,-9.13807,1.4282,0.0283021,-0.00173113
1790881042934,-3.19547,-9.04569,1.48492,0.0230542,0.0125417,0.00188595,3231,-3.19547,-9.05379,1.48502,0.0251514,-6.07877e-05
1790881043934,-3.84014,-8.97707,1.37942,0.0228036,0.0147139,0.00214992,3240,-3.84061,-8.99726,1.38666,0.0275715,0.000674731
1790881044953,-4.45501,-8.80114,1.08515,0.0223385,0.0187359,0.0023143,3249,-4.44536,-8.83809,1.09875,0.0328293,-0.00513702
1790881045953,-4.86408,-8.57716,0.971068,0.0178792,0.015794,0.00192392,3258,-4.85111,-8.60387,0.970826,0.0329063,0.000237249
1790881046953,-4.85242,-8.5949,0.971851,0.0134829,0.0123752,0.00178417,3267,-4.85111,-8.60387,0.970826,0.00997507,0.00112082
1790881047953,-4.85074,-8.59516,0.974531,0.0122912,0.011223,0.00178191,3276,-4.85111,-8.60388,0.970826,0.00868767,0.00449138
1790881048953,-4.85329,-8.59155,0.973322,0.0119168,0.0107599,0.00180009,3285,-4.85111,-8.60388,0.970827,0.0121404,0.00267618
1790881049954,-4.85475,-8.58974,0.972462,0.0116999,0.0104965,0.00178,3294,-4.85111,-8.60388,0.970827,0.0148415,0.00187407
1790881050954,-4.85386,-8.5874,0.967743,0.0116267,0.0103911,0.00178955,3303,-4.85111,-8.60388,0.970827,0.0165394,-0.00385122
1790881051955,-4.85223,-8.58867,0.969802,0.011585,0.0103261,0.00178077,3312,-4.85111,-8.60388,0.970827,0.01549,-0.001444
1790881052975,-4.8496,-8.5874,0.966518,0.0116207,0.0103361,0.00179935,3321,-4.85111,-8.60388,0.970828,0.0164188,-0.00435721
1790881053995,-4.85244,-8.58823,0.969621,0.0117498,0.0104139,0.00184247,3330,-4.85111,-8.60389,0.970828,0.0157111,-0.00120659
1790881054995,-4.85224,-8.58881,0.96835,0.0117414,0.0104035,0.00184328,3339,-4.85111,-8.60389,0.970828,0.0151179,-0.00247804
1790881056014,-4.84875,-8.5911,0.97133,0.0114784,0.0102036,0.00175298,3349,-4.85111,-8.60389,0.970828,0.0130272,0.00026398
1790881057014,-4.84665,-8.5941,0.970537,0.0114569,0.0101795,0.00174308,3358,-4.85111,-8.60389,0.970828,0.0106626,0.000451509
1790881058034,-4.8485,-8.59519,0.971949,0.0115076,0.0102069,0.0017609,3367,-4.85111,-8.60389,0.970829,0.009448,0.000677131
1790881059034,-4.85031,-8.59982,0.969192,0.0115265,0.0102259,0.00177144,3376,-4.85111,-8.6039,0.970829,0.00438771,-0.00141202
1790881060034,-4.85371,-8.60374,0.9721,0.0115384,0.0102373,0.00177166,3385,-4.85111,-8.6039,0.970829,0.00242113,0.000249227
1790881061034,-4.85409,-8.60499,0.970034,0.0115354,0.0102323,0.0017708,3394,-4.85111,-8.6039,0.970829,0.00289626,-0.000343167
1790881062053,-4.85628,-8.60822,0.971135,0.0115707,0.0102636,0.0017895,3403,-4.85111,-8.6039,0.97083,0.00650318,0.000177752
1790881063053,-4.85526,-8.60999,0.970995,0.0115663,0.0102559,0.0017809,3412,-4.85111,-8.6039,0.97083,0.00721551,-0.00223355
1790881064053,-4.85326,-8.61111,0.970254,0.0115596,0.0102526,0.00177983,3421,-4.85111,-8.6039,0.97083,0.00768369,-0.000838562
1790881065053,-4.84784,-8.61472,0.970982,0.0115454,0.0102462,0.00177984,3430,-4.8511,-8.6039,0.97083,0.010498,0.000494344
1790881066053,-4.83967,-8.62067,0.970057,0.0115492,0.0102478,0.00177976,3439,-4.8511,-8.60391,0.970831,0.0197267,-0.000720575
1790881067054,-4.83113,-8.62763,0.969841,0.0115503,0.010247,0.00178005,3448,-4.8511,-8.60391,0.970831,0.0300694,-0.00177407
1790881068073,-4.82443,-8.63045,0.96557,0.0115894,0.0102861,0.0017979,3457,-4.8511,-8.60391,0.970831,0.0372054,-0.00484341
1790881069073,-4.82941,-8.6298,0.971754,0.011568,0.0102672,0.00178972,3466,-4.8511,-8.60391,0.970832,0.0341998,0.00094132
1790881070073,-4.83472,-8.62507,0.966688,0.0115538,0.0102566,0.00178092,3475,-4.8511,-8.60391,0.970832,0.0271943,-0.00302748
1790881071073,-4.83766,-8.62372,0.969312,0.0115571,0.0102639,0.0017792,3484,-4.8511,-8.60392,0.970831,0.0240847,-0.00182381
1790881072074,-4.83969,-8.62309,0.968042,0.0115709,0.0102807,0.00179004,3493,-4.8511,-8.60392,0.970832,0.0225412,-0.00355521
1790881073093,-4.83773,-8.62107,0.972084,0.0116291,0.0103139,0.00180675,3502,-4.8511,-8.60392,0.970833,0.0218432,0.000609422
1790881074093,-4.83916,-8.61646,0.97048,0.0116331,0.0103088,0.0018069,3511,-4.8511,-8.60392,0.970833,0.0177645,-0.000150874
1790881075093,-4.8382,-8.61201,0.970808,0.0116008,0.0102846,0.00179814,3520,-4.8511,-8.60392,0.970833,0.0152392,0.000960529
1790881076094,-4.83669,-8.61098,0.969329,0.011567,0.0102577,0.00178979,3529,-4.8511,-8.60392,0.970833,0.0158464,-0.00100581
1790881077094,-4.83626,-8.61054,0.967563,0.0115922,0.0102816,0.00178855,3538,-4.8511,-8.60393,0.970833,0.0162289,-0.00271065
1790881078095,-4.83538,-8.61023,0.971985,0.0115236,0.0102282,0.00176185,3547,-4.8511,-8.60393,0.970834,0.0168333,0.000695807
1790881079113,-4.83856,-8.60865,0.974726,0.0116073,0.0102804,0.00179833,3556,-4.8511,-8.60393,0.970834,0.0138339,0.00392166
1790881080114,-4.84209,-8.6034,0.971621,0.0115836,0.0102597,0.00178908,3565,-4.8511,-8.60393,0.970834,0.00904588,0.000134634
1790881081134,-4.84514,-8.6018,0.970464,0.0116189,0.0102887,0.00179869,3574,-4.8511,-8.60393,0.970834,0.00646604,-0.000406322
1790881082134,-4.84492,-8.60085,0.968503,0.0116371,0.0103099,0.00180737,3583,-4.8511,-8.60394,0.970834,0.00662651,-0.00256013
1790881083134,-4.84398,-8.60378,0.970024,0.0116123,0.0102931,0.0018071,3592,-4.8511,-8.60394,0.970835,0.00725653,-0.000216055
1790881084136,-4.84473,-8.60302,0.96787,0.0116403,0.0103134,0.00180873,3601,-4.8511,-8.60394,0.970835,0.0061775,-0.00306566
1790881085154,-4.84187,-8.60063,0.96866,0.0117153,0.010372,0.00183437,3610,-4.8511,-8.60394,0.970835,0.00916095,-0.00156295
1790881086154,-4.8392,-8.59887,0.969577,0.0117112,0.010373,0.00183415,3619,-4.8511,-8.60394,0.970836,0.0126123,-0.00206279
1790881087154,-4.83823,-8.59195,0.971658,0.0117099,0.0103633,0.0018342,3628,-4.8511,-8.60394,0.970836,0.0171013,2.44241e-05
1790881088154,-4.83831,-8.58941,0.972874,0.0116967,0.0103482,0.00183416,3637,-4.8511,-8.60394,0.970836,0.019261,0.00185516
1790881089154,-4.83707,-8.5891,0.971388,0.0117183,0.0103614,0.00183283,3646,-4.8511,-8.60395,0.970836,0.0204291,0.000552168
1790881090173,-4.84185,-8.58807,0.971661,0.0118056,0.0104188,0.00174309,3655,-4.8511,-8.60395,0.970837,0.0183309,0.00159323
1790881091174,-4.84452,-8.59136,0.973303,0.0117904,0.0104074,0.00174405,3664,-4.85109,-8.60395,0.970837,0.0141541,0.00298167
1790881092175,-4.84446,-8.58958,0.970354,0.0114196,0.0101454,0.00185265,3674,-4.85109,-8.60395,0.970837,0.0157485,-0.000639682
1790881093194,-4.84374,-8.5895,0.969142,0.0114691,0.0101903,0.00175348,3683,-4.85109,-8.60395,0.970837,0.0160637,-0.00204195
1790881094215,-4.84762,-8.58614,0.9684,0.0114864,0.0102055,0.0017615,3692,-4.85109,-8.60396,0.970838,0.0178009,-0.00224238
1790881095235,-4.84876,-8.58411,0.970201,0.0115464,0.0102485,0.00177982,3701,-4.85109,-8.60396,0.970838,0.0198825,-0.000395034
1790881096235,-4.84602,-8.58454,0.973334,0.0115575,0.0102464,0.00178081,3710,-4.85109,-8.60396,0.970838,0.0200538,0.00232114
1790881097254,-4.84328,-8.5827,0.971571,0.011658,0.0103194,0.00181679,3719,-4.85109,-8.60396,0.970838,0.0226855,0.000100599
1790881098254,-4.84062,-8.58445,0.971378,0.0116918,0.0103417,0.0018259,3728,-4.85109,-8.60396,0.970838,0.0219382,0.000878324
1790881099273,-4.83626,-8.5846,0.969013,0.0117594,0.0103972,0.00185258,3737,-4.85109,-8.60396,0.970839,0.0244113,-0.00186152
1790881100274,-4.82908,-8.58222,0.970827,0.0114582,0.0101792,0.00174331,3747,-4.85109,-8.60397,0.970839,0.0304522,0.00165419
1790881101274,-4.82416,-8.58096,0.967074,0.0118448,0.01046,0.00176178,3755,-4.85109,-8.60397,0.970839,0.0353893,-0.00166077
1790881102275,-4.81781,-8.58396,0.967686,0.0115266,0.0102383,0.0017711,3765,-4.85109,-8.60397,0.970839,0.0384117,-0.00337089
1790881103294,-4.81183,-8.58894,0.966834,0.0116196,0.0103131,0.00180855,3774,-4.85109,-8.60397,0.97084,0.0419172,-0.00411533
1790881104314,-4.8118,-8.58982,0.969323,0.0116652,0.0103439,0.00181613,3783,-4.85109,-8.60397,0.97084,0.0418127,-0.00184094
1790881105314,-4.81076,-8.58904,0.968152,0.0116437,0.0103319,0.00180772,3792,-4.85109,-8.60398,0.97084,0.0431276,-0.00298833
1790881106314,-4.81584,-8.58272,0.96687,0.0116482,0.0103372,0.00181474,3801,-4.85109,-8.60398,0.97084,0.0409052,-0.00345497
1790881107333,-4.81688,-8.57702,0.970721,0.0117391,0.0103949,0.00184252,3810,-4.85109,-8.60398,0.970841,0.0435518,-0.000119266
1790881108333,-4.81722,-8.57448,0.966973,0.0117556,0.0104053,0.00185307,3819,-4.85109,-8.60398,0.970841,0.0449159,-0.00383104
1790881109334,-4.81699,-8.57398,0.966936,0.0114725,0.0102058,0.00175283,3829,-4.85109,-8.60398,0.970841,0.0457671,-0.00478581
1790881110334,-4.82046,-8.57433,0.970638,0.0117989,0.0104373,0.00174433,3837,-4.85109,-8.60398,0.970841,0.042688,-0.000860664
1790881111334,-4.81958,-8.57657,0.971786,0.0114596,0.0101846,0.00174462,3847,-4.85109,-8.60399,0.970842,0.0418201,-8.04924e-05
1790881112334,-4.81741,-8.57859,0.969861,0.0115139,0.0102177,0.00176324,3856,-4.85109,-8.60399,0.970842,0.0420983,-0.000282966
1790881113334,-4.8168,-8.58043,0.966959,0.0117888,0.0104239,0.00174416,3864,-4.85109,-8.60399,0.970842,0.041541,-0.00350092
1790881114334,-4.80766,-8.58766,0.968056,0.0114795,0.0102069,0.00175295,3874,-4.85109,-8.60399,0.970842,0.045945,-0.00215152
1790881115354,-4.80073,-8.59302,0.970663,0.0115411,0.0102476,0.00177936,3883,-4.85109,-8.60399,0.970843,0.0512249,-0.000390684
1790881116354,-4.79883,-8.59617,0.975141,0.011563,0.0102439,0.00178037,3892,-4.85108,-8.60399,0.970843,0.0528323,0.00529955
1790881117354,-4.79776,-8.60196,0.974279,0.0115713,0.010243,0.00178168,3901,-4.85108,-8.604,0.970843,0.0534267,0.00349329
1790881118355,-4.79816,-8.6117,0.970699,0.0115749,0.0102528,0.00178123,3910,-4.85108,-8.604,0.970843,0.0536485,-0.000277509
1790881119374,-4.79685,-8.62115,0.970928,0.0116438,0.0103102,0.00180647,3919,-4.85108,-8.604,0.970844,0.0567866,-0.000513991
1790881120374,-4.79165,-8.63099,0.974592,0.0116735,0.0103282,0.00181706,3928,-4.85108,-8.604,0.970844,0.0643325,0.00298316
1790881121374,-4.79122,-8.63199,0.972542,0.0116945,0.0103429,0.00182482,3930,-4.85108,-8.604,0.970844,0.0657917,0.00149472
